{"cameraMode":{"drawMode":0,"name":"Shaded","section":"Shading Mode"},"sceneLighting":true,"audioPlay":false,"sceneViewState":{"showFog":true,"showMaterialUpdate":false,"showSkybox":true,"showFlares":true,"showImageEffects":true,"showParticleSystems":true},"in2DMode":false,"pivot":{"x":238.15814208984376,"y":143.02980041503907,"z":-38.166473388671878},"rotation":{"x":0.008414247073233128,"y":0.9686691761016846,"z":0.03313221409916878,"w":-0.24599996209144593},"size":268.6005554199219,"orthographic":false}